{"layout":"Default Layout","description":"\u30b9\u30b1\u30b8\u30e5\u30fc\u30eb\u3055\u308c\u305f\u30b3\u30f3\u30c6\u30f3\u30c4\u304c\u8868\u793a\u3067\u304d\u306a\u3044\u5834\u5408\u306b\u8868\u793a\u3059\u308b\u3001\u30d7\u30ec\u30fc\u30e4\u30fc\u306b\u5272\u308a\u5f53\u3066\u3089\u308c\u305f\u30c7\u30d5\u30a9\u30eb\u30c8\u30ec\u30a4\u30a2\u30a6\u30c8\u3002","regions":{"67":"\u30d8\u30c3\u30c0\u30fc","68":"\u30ed\u30b4","69":"\u6642\u9593\u8868\u793a","70":"\u793e\u540d","71":"\u8aac\u660e"},"drawers":{"72":"Default Layout-5 - drawer"},"layoutDefinitions":{"layoutId":30,"ownerId":1,"campaignId":1,"parentId":null,"publishedStatusId":1,"publishedStatus":"\u516c\u958b\u6e08\u307f","publishedDate":null,"backgroundImageId":2,"schemaVersion":3,"layout":"Default Layout","description":"\u30b9\u30b1\u30b8\u30e5\u30fc\u30eb\u3055\u308c\u305f\u30b3\u30f3\u30c6\u30f3\u30c4\u304c\u8868\u793a\u3067\u304d\u306a\u3044\u5834\u5408\u306b\u8868\u793a\u3059\u308b\u3001\u30d7\u30ec\u30fc\u30e4\u30fc\u306b\u5272\u308a\u5f53\u3066\u3089\u308c\u305f\u30c7\u30d5\u30a9\u30eb\u30c8\u30ec\u30a4\u30a2\u30a6\u30c8\u3002","backgroundColor":"#03031a","createdDt":"2022-10-31T13:37:23.000000Z","modifiedDt":"2022-10-31T14:00:54.000000Z","status":1,"retired":0,"backgroundzIndex":0,"width":1920,"height":1080,"orientation":"\u30e9\u30f3\u30c9\u30b9\u30b1\u30fc\u30d7","displayOrder":null,"duration":25,"statusMessage":null,"enableStat":1,"autoApplyTransitions":0,"code":null,"regions":[{"regionId":67,"layoutId":30,"ownerId":1,"name":"\u30d8\u30c3\u30c0\u30fc","width":1175,"height":230,"top":284,"left":388,"zIndex":0,"regionOptions":[{"regionId":67,"option":"loop","value":"0"},{"regionId":67,"option":"transitionDirection","value":"N"},{"regionId":67,"option":"transitionDuration","value":null},{"regionId":67,"option":"transitionType","value":""}],"permissions":[],"duration":5,"isDrawer":0,"actions":[],"tempId":null,"regionPlaylist":{"playlistId":69,"ownerId":1,"name":"\u30d8\u30c3\u30c0\u30fc","regionId":67,"isDynamic":0,"filterMediaName":null,"filterMediaTags":null,"filterExactTags":"0","filterLogicalOperator":"OR","maxNumberOfItems":0,"createdDt":"2022-10-31 22:37:23","modifiedDt":"2022-10-31 22:55:01","duration":5,"requiresDurationUpdate":0,"enableStat":null,"tags":[],"widgets":[{"widgetId":130,"playlistId":69,"ownerId":1,"type":"text","duration":5,"displayOrder":"1","useDuration":0,"calculatedDuration":5,"createdDt":1667224432,"modifiedDt":1667224488,"fromDt":0,"toDt":2147483647,"transitionIn":null,"transitionOut":null,"transitionDurationIn":null,"transitionDurationOut":null,"widgetOptions":[{"widgetId":130,"type":"attrib","option":"alignV","value":"top"},{"widgetId":130,"type":"attrib","option":"backgroundColor","value":""},{"widgetId":130,"type":"attrib","option":"effect","value":"none"},{"widgetId":130,"type":"attrib","option":"enableStat","value":"Inherit"},{"widgetId":130,"type":"attrib","option":"lowerLimit","value":"0"},{"widgetId":130,"type":"attrib","option":"marqueeInlineSelector","value":""},{"widgetId":130,"type":"attrib","option":"name","value":""},{"widgetId":130,"type":"attrib","option":"speed","value":null},{"widgetId":130,"type":"attrib","option":"ta_text_advanced","value":"1"},{"widgetId":130,"type":"attrib","option":"upperLimit","value":"0"},{"widgetId":130,"type":"attrib","option":"xmds","value":"1"},{"widgetId":130,"type":"cdata","option":"javaScript","value":""},{"widgetId":130,"type":"cdata","option":"text","value":"<p style=\"text-align: center;\"><span style=\"font-size: 48px;\"><span style=\"color: #fcfce5;\">Pwerd by<\/span><\/span><\/p>\r\n\r\n<p style=\"text-align: center;\"><span style=\"font-size:88px;\"><span style=\"font-family:aileron heavy regular;\"><span style=\"color: #fcfce5;\">Sigme Project<\/span><\/span><\/span><\/p>\r\n"}],"mediaIds":[],"audio":[],"permissions":[],"playlist":"\u30d8\u30c3\u30c0\u30fc","actions":[],"tempId":null,"tempWidgetId":null,"isNew":false,"folderId":1,"permissionsFolderId":1}],"permissions":[],"tempId":null,"owner":"root","groupsWithPermissions":null,"folderId":1,"permissionsFolderId":1}},{"regionId":68,"layoutId":30,"ownerId":1,"name":"\u30ed\u30b4","width":267,"height":157,"top":16,"left":24,"zIndex":0,"regionOptions":[{"regionId":68,"option":"loop","value":"0"},{"regionId":68,"option":"transitionDirection","value":"N"},{"regionId":68,"option":"transitionDuration","value":null},{"regionId":68,"option":"transitionType","value":""}],"permissions":[],"duration":10,"isDrawer":0,"actions":[],"tempId":null,"regionPlaylist":{"playlistId":70,"ownerId":1,"name":"\u30ed\u30b4","regionId":68,"isDynamic":0,"filterMediaName":null,"filterMediaTags":null,"filterExactTags":"0","filterLogicalOperator":"OR","maxNumberOfItems":0,"createdDt":"2022-10-31 22:37:23","modifiedDt":"2022-10-31 22:55:01","duration":10,"requiresDurationUpdate":0,"enableStat":null,"tags":[],"widgets":[{"widgetId":129,"playlistId":70,"ownerId":1,"type":"image","duration":10,"displayOrder":"2","useDuration":0,"calculatedDuration":10,"createdDt":1667224159,"modifiedDt":1667224777,"fromDt":0,"toDt":2147483647,"transitionIn":null,"transitionOut":null,"transitionDurationIn":null,"transitionDurationOut":null,"widgetOptions":[{"widgetId":129,"type":"attrib","option":"align","value":"center"},{"widgetId":129,"type":"attrib","option":"enableStat","value":"Inherit"},{"widgetId":129,"type":"attrib","option":"name","value":""},{"widgetId":129,"type":"attrib","option":"scaleType","value":"center"},{"widgetId":129,"type":"attrib","option":"valign","value":"middle"}],"mediaIds":["92"],"audio":[],"permissions":[],"playlist":"\u30ed\u30b4","actions":[],"tempId":null,"tempWidgetId":null,"isNew":false,"folderId":1,"permissionsFolderId":1}],"permissions":[],"tempId":null,"owner":"root","groupsWithPermissions":null,"folderId":1,"permissionsFolderId":1}},{"regionId":69,"layoutId":30,"ownerId":1,"name":"\u6642\u9593\u8868\u793a","width":126,"height":58,"top":971,"left":1741,"zIndex":0,"regionOptions":[{"regionId":69,"option":"loop","value":"0"},{"regionId":69,"option":"transitionDirection","value":"N"},{"regionId":69,"option":"transitionDuration","value":null},{"regionId":69,"option":"transitionType","value":""}],"permissions":[],"duration":1,"isDrawer":0,"actions":[],"tempId":null,"regionPlaylist":{"playlistId":71,"ownerId":1,"name":"\u6642\u9593\u8868\u793a","regionId":69,"isDynamic":0,"filterMediaName":null,"filterMediaTags":null,"filterExactTags":"0","filterLogicalOperator":"OR","maxNumberOfItems":0,"createdDt":"2022-10-31 22:37:23","modifiedDt":"2022-10-31 22:37:24","duration":0,"requiresDurationUpdate":0,"enableStat":null,"tags":[],"widgets":[{"widgetId":125,"playlistId":71,"ownerId":1,"type":"clock","duration":1,"displayOrder":"1","useDuration":0,"calculatedDuration":1,"createdDt":1656289572,"modifiedDt":1667223443,"fromDt":0,"toDt":2147483647,"transitionIn":null,"transitionOut":null,"transitionDurationIn":null,"transitionDurationOut":null,"widgetOptions":[{"widgetId":125,"type":"attrib","option":"clockFace","value":"TwentyFourHourClock"},{"widgetId":125,"type":"attrib","option":"clockTypeId","value":"2"},{"widgetId":125,"type":"attrib","option":"enableStat","value":"Inherit"},{"widgetId":125,"type":"attrib","option":"lowerLimit","value":"0"},{"widgetId":125,"type":"attrib","option":"name","value":"\u6642\u523b\u8868\u793a"},{"widgetId":125,"type":"attrib","option":"offset","value":"0"},{"widgetId":125,"type":"attrib","option":"showSeconds","value":"1"},{"widgetId":125,"type":"attrib","option":"ta_text_advanced","value":"0"},{"widgetId":125,"type":"attrib","option":"theme","value":"1"},{"widgetId":125,"type":"attrib","option":"upperLimit","value":"0"},{"widgetId":125,"type":"cdata","option":"format","value":"<p style=\"text-align: justify;\"><span style=\"color:#FFFFFF;\"><span style=\"font-size: 48px;\">[HH:mm]<\/span><\/span><\/p>\r\n"}],"mediaIds":[],"audio":[],"permissions":[],"playlist":"\u6642\u9593\u8868\u793a","actions":[],"tempId":null,"tempWidgetId":null,"isNew":false,"folderId":1,"permissionsFolderId":1}],"permissions":[],"tempId":null,"owner":"root","groupsWithPermissions":null,"folderId":1,"permissionsFolderId":1}},{"regionId":70,"layoutId":30,"ownerId":1,"name":"\u793e\u540d","width":1372,"height":200,"top":831,"left":235,"zIndex":0,"regionOptions":[{"regionId":70,"option":"loop","value":"0"},{"regionId":70,"option":"transitionDirection","value":"N"},{"regionId":70,"option":"transitionDuration","value":null},{"regionId":70,"option":"transitionType","value":""}],"permissions":[],"duration":5,"isDrawer":0,"actions":[],"tempId":null,"regionPlaylist":{"playlistId":72,"ownerId":1,"name":"\u793e\u540d","regionId":70,"isDynamic":0,"filterMediaName":null,"filterMediaTags":null,"filterExactTags":"0","filterLogicalOperator":"OR","maxNumberOfItems":0,"createdDt":"2022-10-31 22:37:23","modifiedDt":"2022-10-31 22:37:24","duration":0,"requiresDurationUpdate":0,"enableStat":null,"tags":[],"widgets":[{"widgetId":126,"playlistId":72,"ownerId":1,"type":"text","duration":5,"displayOrder":"1","useDuration":0,"calculatedDuration":5,"createdDt":1656605082,"modifiedDt":1667224769,"fromDt":0,"toDt":2147483647,"transitionIn":null,"transitionOut":null,"transitionDurationIn":null,"transitionDurationOut":null,"widgetOptions":[{"widgetId":126,"type":"attrib","option":"alignV","value":"top"},{"widgetId":126,"type":"attrib","option":"backgroundColor","value":""},{"widgetId":126,"type":"attrib","option":"effect","value":"none"},{"widgetId":126,"type":"attrib","option":"enableStat","value":"Inherit"},{"widgetId":126,"type":"attrib","option":"lowerLimit","value":"0"},{"widgetId":126,"type":"attrib","option":"marqueeInlineSelector","value":""},{"widgetId":126,"type":"attrib","option":"name","value":""},{"widgetId":126,"type":"attrib","option":"speed","value":null},{"widgetId":126,"type":"attrib","option":"ta_text_advanced","value":"1"},{"widgetId":126,"type":"attrib","option":"upperLimit","value":"0"},{"widgetId":126,"type":"attrib","option":"xmds","value":"1"},{"widgetId":126,"type":"cdata","option":"javaScript","value":""},{"widgetId":126,"type":"cdata","option":"text","value":"<p style=\"text-align: center;\"><span style=\"font-family:aileron heavy regular;\"><strong><span style=\"font-size:72px;\"><font color=\"#fcfce5\">Cloud Signage Consortium<\/font><\/span><\/strong><\/span><\/p>\r\n"}],"mediaIds":[],"audio":[],"permissions":[],"playlist":"\u793e\u540d","actions":[],"tempId":null,"tempWidgetId":null,"isNew":false,"folderId":1,"permissionsFolderId":1}],"permissions":[],"tempId":null,"owner":"root","groupsWithPermissions":null,"folderId":1,"permissionsFolderId":1}},{"regionId":71,"layoutId":30,"ownerId":1,"name":"\u8aac\u660e","width":1626,"height":145,"top":618,"left":147,"zIndex":0,"regionOptions":[{"regionId":71,"option":"loop","value":"0"},{"regionId":71,"option":"transitionDirection","value":"N"},{"regionId":71,"option":"transitionDuration","value":null},{"regionId":71,"option":"transitionType","value":""}],"permissions":[],"duration":25,"isDrawer":0,"actions":[],"tempId":null,"regionPlaylist":{"playlistId":73,"ownerId":1,"name":"\u8aac\u660e","regionId":71,"isDynamic":0,"filterMediaName":null,"filterMediaTags":null,"filterExactTags":"0","filterLogicalOperator":"OR","maxNumberOfItems":0,"createdDt":"2022-10-31 22:37:23","modifiedDt":"2022-10-31 22:37:24","duration":0,"requiresDurationUpdate":0,"enableStat":null,"tags":[],"widgets":[{"widgetId":127,"playlistId":73,"ownerId":1,"type":"spacer","duration":5,"displayOrder":"1","useDuration":1,"calculatedDuration":5,"createdDt":1656289572,"modifiedDt":1667223443,"fromDt":0,"toDt":2147483647,"transitionIn":null,"transitionOut":null,"transitionDurationIn":null,"transitionDurationOut":null,"widgetOptions":[{"widgetId":127,"type":"attrib","option":"enableStat","value":"Inherit"},{"widgetId":127,"type":"attrib","option":"lowerLimit","value":"0"},{"widgetId":127,"type":"attrib","option":"name","value":"\u30b9\u30da\u30fc\u30b9"},{"widgetId":127,"type":"attrib","option":"upperLimit","value":"0"}],"mediaIds":[],"audio":[],"permissions":[],"playlist":"\u8aac\u660e","actions":[],"tempId":null,"tempWidgetId":null,"isNew":false,"folderId":1,"permissionsFolderId":1},{"widgetId":128,"playlistId":73,"ownerId":1,"type":"text","duration":20,"displayOrder":"2","useDuration":1,"calculatedDuration":20,"createdDt":1656289572,"modifiedDt":1667223443,"fromDt":0,"toDt":2147483647,"transitionIn":null,"transitionOut":null,"transitionDurationIn":null,"transitionDurationOut":null,"widgetOptions":[{"widgetId":128,"type":"attrib","option":"alignV","value":"top"},{"widgetId":128,"type":"attrib","option":"backgroundColor","value":""},{"widgetId":128,"type":"attrib","option":"effect","value":"fade"},{"widgetId":128,"type":"attrib","option":"enableStat","value":"Inherit"},{"widgetId":128,"type":"attrib","option":"lowerLimit","value":"0"},{"widgetId":128,"type":"attrib","option":"marqueeInlineSelector","value":""},{"widgetId":128,"type":"attrib","option":"name","value":"\u8aac\u660e\u6587"},{"widgetId":128,"type":"attrib","option":"speed","value":"6000"},{"widgetId":128,"type":"attrib","option":"ta_text_advanced","value":"0"},{"widgetId":128,"type":"attrib","option":"upperLimit","value":"0"},{"widgetId":128,"type":"attrib","option":"xmds","value":"1"},{"widgetId":128,"type":"cdata","option":"javaScript","value":""},{"widgetId":128,"type":"cdata","option":"text","value":"<p style=\"text-align: center;\"><span style=\"color:#FFFFFF;\"><span style=\"font-size: 48px;\">\u3053\u306e\u30c7\u30a3\u30b9\u30d7\u30ec\u30a4\u306b\u30a2\u30b5\u30a4\u30f3\u3055\u308c\u305f\u30c7\u30d5\u30a9\u30eb\u30c8\u306e\u30ec\u30a4\u30a2\u30a6\u30c8<\/span><\/span><\/p>\r\n\r\n<p style=\"text-align: center;\"><span style=\"color:#FFFFFF;\"><span style=\"font-size: 48px;\">\u4f55\u3082\u30b9\u30b1\u30b8\u30e5\u30fc\u30eb\u3055\u308c\u3066\u3044\u306a\u3044\u6642\u306b\u8868\u793a\u3055\u308c\u307e\u3059\u3002<\/span><\/span><\/p>\r\n\r\n<p style=\"text-align: center;\"><span style=\"font-size: 48px;\"><span style=\"color:#FFFFFF;\">\u3053\u306e\u30c7\u30d5\u30a9\u30eb\u30c8\u30ec\u30a4\u30a2\u30a6\u30c8\u3092\u7de8\u96c6\u3057\u3066\u3001<\/span><span style=\"color: #fcfce5;\">\u3042\u306a\u305f\u306e\u30c7\u30a3\u30b9\u30d7\u30ec\u30a4<\/span><span style=\"color:#FFFFFF;\">\u306b\u5408\u308f\u305b\u305f\u30ab\u30b9\u30bf\u30de\u30a4\u30ba\u3055\u308c\u305f\u30ec\u30a4\u30a2\u30a6\u30c8\u3092\u4f5c\u6210\u3057\u3066\u304f\u3060\u3055\u3044\u3002<\/span><\/span><\/p>\r\n\r\n<p>&nbsp;<\/p>\r\n"}],"mediaIds":[],"audio":[],"permissions":[],"playlist":"\u8aac\u660e","actions":[],"tempId":null,"tempWidgetId":null,"isNew":false,"folderId":1,"permissionsFolderId":1}],"permissions":[],"tempId":null,"owner":"root","groupsWithPermissions":null,"folderId":1,"permissionsFolderId":1}}],"tags":[{"tagId":4,"tag":"imported","isSystem":1,"isRequired":0,"options":null,"layouts":[],"playlists":[],"campaigns":[],"medias":[],"displayGroups":[],"value":null}],"drawers":[{"regionId":72,"layoutId":30,"ownerId":1,"name":"Default Layout-5 - drawer","width":1920,"height":1080,"top":0,"left":0,"zIndex":0,"regionOptions":[],"permissions":[],"duration":0,"isDrawer":1,"actions":[],"tempId":null,"regionPlaylist":{"playlistId":74,"ownerId":1,"name":"Default Layout-5 - drawer","regionId":72,"isDynamic":0,"filterMediaName":null,"filterMediaTags":null,"filterExactTags":"0","filterLogicalOperator":"OR","maxNumberOfItems":0,"createdDt":"2022-10-31 22:37:23","modifiedDt":"2022-10-31 22:37:23","duration":0,"requiresDurationUpdate":0,"enableStat":null,"tags":[],"widgets":[],"permissions":[],"tempId":null,"owner":"root","groupsWithPermissions":null,"folderId":1,"permissionsFolderId":1}}],"actions":[],"permissions":[],"campaigns":[],"owner":"root","groupsWithPermissions":null,"folderId":1,"permissionsFolderId":1}}