<?xml version="1.0"?>
<layout width="1920" height="1080" bgcolor="#03031a" schemaVersion="3" enableStat="1" background="2.jpg"><region id="67" width="1175" height="230" top="284" left="388"><options><loop>0</loop><transitionDirection>N</transitionDirection><transitionDuration/><transitionType/></options><media id="130" type="text" render="native" duration="5" useDuration="0" fromDt="1970-01-01 09:00:00" toDt="2038-01-19 12:14:07" enableStat="1"><options><alignV>top</alignV><effect>none</effect><enableStat>Inherit</enableStat><lowerLimit>0</lowerLimit><ta_text_advanced>1</ta_text_advanced><upperLimit>0</upperLimit><xmds>1</xmds><updateInterval>525600</updateInterval></options><raw><text><![CDATA[<p style="text-align: center;"><span style="font-size: 48px;"><span style="color: #fcfce5;">Pwerd by</span></span></p>

<p style="text-align: center;"><span style="font-size:88px;"><span style="font-family:aileron heavy regular;"><span style="color: #fcfce5;">Sigme Project</span></span></span></p>
]]></text></raw></media></region><region id="68" width="267" height="157" top="16" left="24"><options><loop>0</loop><transitionDirection>N</transitionDirection><transitionDuration/><transitionType/></options><media id="129" type="image" render="native" duration="10" useDuration="0" fromDt="1970-01-01 09:00:00" toDt="2038-01-19 12:14:07" enableStat="1" fileId="92"><options><uri>92.png</uri><align>center</align><enableStat>Inherit</enableStat><scaleType>center</scaleType><valign>middle</valign></options><raw/></media></region><region id="69" width="126" height="58" top="971" left="1741"><options><loop>0</loop><transitionDirection>N</transitionDirection><transitionDuration/><transitionType/></options><media id="125" type="clock" render="html" duration="1" useDuration="0" fromDt="1970-01-01 09:00:00" toDt="2038-01-19 12:14:07" enableStat="1"><options><clockFace>TwentyFourHourClock</clockFace><clockTypeId>2</clockTypeId><enableStat>Inherit</enableStat><lowerLimit>0</lowerLimit><name>&#x6642;&#x523B;&#x8868;&#x793A;</name><offset>0</offset><showSeconds>1</showSeconds><ta_text_advanced>0</ta_text_advanced><theme>1</theme><upperLimit>0</upperLimit><updateInterval>525600</updateInterval></options><raw><format><![CDATA[<p style="text-align: justify;"><span style="color:#FFFFFF;"><span style="font-size: 48px;">[HH:mm]</span></span></p>
]]></format></raw></media></region><region id="70" width="1372" height="200" top="831" left="235"><options><loop>0</loop><transitionDirection>N</transitionDirection><transitionDuration/><transitionType/></options><media id="126" type="text" render="native" duration="5" useDuration="0" fromDt="1970-01-01 09:00:00" toDt="2038-01-19 12:14:07" enableStat="1"><options><alignV>top</alignV><effect>none</effect><enableStat>Inherit</enableStat><lowerLimit>0</lowerLimit><ta_text_advanced>1</ta_text_advanced><upperLimit>0</upperLimit><xmds>1</xmds><updateInterval>525600</updateInterval></options><raw><text><![CDATA[<p style="text-align: center;"><span style="font-family:aileron heavy regular;"><strong><span style="font-size:72px;"><font color="#fcfce5">Cloud Signage Consortium</font></span></strong></span></p>
]]></text></raw></media></region><region id="71" width="1626" height="145" top="618" left="147"><options><loop>0</loop><transitionDirection>N</transitionDirection><transitionDuration/><transitionType/></options><media id="127" type="spacer" render="html" duration="5" useDuration="1" fromDt="1970-01-01 09:00:00" toDt="2038-01-19 12:14:07" enableStat="1"><options><enableStat>Inherit</enableStat><lowerLimit>0</lowerLimit><name>&#x30B9;&#x30DA;&#x30FC;&#x30B9;</name><upperLimit>0</upperLimit><updateInterval>525600</updateInterval></options><raw/></media><media id="128" type="text" render="native" duration="20" useDuration="1" fromDt="1970-01-01 09:00:00" toDt="2038-01-19 12:14:07" enableStat="1"><options><alignV>top</alignV><effect>fade</effect><enableStat>Inherit</enableStat><lowerLimit>0</lowerLimit><name>&#x8AAC;&#x660E;&#x6587;</name><speed>6000</speed><ta_text_advanced>0</ta_text_advanced><upperLimit>0</upperLimit><xmds>1</xmds><updateInterval>525600</updateInterval></options><raw><text><![CDATA[<p style="text-align: center;"><span style="color:#FFFFFF;"><span style="font-size: 48px;">このディスプレイにアサインされたデフォルトのレイアウト</span></span></p>

<p style="text-align: center;"><span style="color:#FFFFFF;"><span style="font-size: 48px;">何もスケジュールされていない時に表示されます。</span></span></p>

<p style="text-align: center;"><span style="font-size: 48px;"><span style="color:#FFFFFF;">このデフォルトレイアウトを編集して、</span><span style="color: #fcfce5;">あなたのディスプレイ</span><span style="color:#FFFFFF;">に合わせたカスタマイズされたレイアウトを作成してください。</span></span></p>

<p>&nbsp;</p>
]]></text></raw></media></region><drawer id="72" width="1920" height="1080" top="0" left="0"><options/></drawer><tags><tag>imported</tag></tags></layout>
