[{"file":"xibologo.png","mediaid":92,"name":"Sigme\u30ed\u30b4","type":"image","duration":10,"background":0,"font":0,"tags":[]},{"file":"default layout3 background.jpg","mediaid":2,"name":"Default Layout Background","type":"image","duration":10,"background":1,"font":0,"tags":[{"tagId":4,"tag":"imported","isSystem":1,"isRequired":0,"options":null,"layouts":[],"playlists":[],"campaigns":[],"medias":[],"displayGroups":[],"value":null}]},{"file":"Aileron-Heavy.otf","mediaid":16,"name":"Aileron Heavy Regular","type":"font","duration":0,"background":0,"font":1},{"file":"Aileron-Heavy.otf","mediaid":16,"name":"Aileron Heavy Regular","type":"font","duration":0,"background":0,"font":1}]